screenshot,game_name,hashtags,created_at,tag_1,tag_2,tag_3,tag_4
desc_0_1768923992742.png,迷你世界,迷你世界老版本|迷你世界迷你世界老版|迷你世界老版本下载,2026-01-21 00:14:58,迷你世界老版本,迷你世界迷你世界老版,迷你世界老版本下载,
desc_1_1768924005029.png,punigo围棋游戏,punigo围棋游戏|punigo围棋游戏下|围棋入门Punigo围棋游戏,2026-01-21 00:14:58,punigo围棋游戏,punigo围棋游戏下,围棋入门Punigo围棋游戏,
desc_2_1768924015418.png,方块宝可梦,方块宝可梦|方块宝可梦游戏|方块宝可梦安装|方块宝可梦下载,2026-01-21 00:14:58,方块宝可梦,方块宝可梦游戏,方块宝可梦安装,方块宝可梦下载
desc_3_1768924025819.png,寻找伪人,寻找伪人手机版|寻找伪人游戏,2026-01-21 00:14:58,寻找伪人手机版,寻找伪人游戏,,
desc_4_1768924036136.png,流浪星球,流浪星球下载|流浪星球安装|流浪,2026-01-21 00:14:58,流浪星球下载,流浪星球安装,流浪,
desc_5_1768924046440.png,pigeonpop,pigeonpop|Pigeonpop下载,2026-01-21 00:14:58,pigeonpop,Pigeonpop下载,,
desc_6_1768924056620.png,飞行模拟器,飞行模拟器|飞行模拟器游戏|飞行模拟器下载|真实飞行模拟器下载,2026-01-21 00:14:58,飞行模拟器,飞行模拟器游戏,飞行模拟器下载,真实飞行模拟器下载
desc_7_1768924067389.png,迷你世界,迷你世界老版本|迷你世界|迷你世界老版|迷你世界老版本下载,2026-01-21 00:14:58,迷你世界老版本,迷你世界,迷你世界老版,迷你世界老版本下载
desc_8_1768924078389.png,异变检查毫无疏漏,异变检查毫无疏漏下载|.展开,2026-01-21 00:14:58,异变检查毫无疏漏下载,.展开,,
desc_9_1768924088836.png,,,2026-01-21 00:14:58,,,,
desc_10_1768924098585.png,我的日常任务,我的日常任务|我的日常任|我的日常任务游戏,2026-01-21 00:14:58,我的日常任务,我的日常任,我的日常任务游戏,
desc_11_1768924108999.png,小猪佩琪乐园,小猪佩琪乐园|佩琪乐园游戏x|佩琪,2026-01-21 00:14:58,小猪佩琪乐园,佩琪乐园游戏x,佩琪,
desc_12_1768924119390.png,塞尔达传说王国之泪,塞尔达传说王国之泪|塞尔达传说|塞尔达传说·王国之泪|塞尔达传说国王之泪,2026-01-21 00:14:58,塞尔达传说王国之泪,塞尔达传说,塞尔达传说·王国之泪,塞尔达传说国王之泪
desc_13_1768924130478.png,switch模拟器,switch模拟器|switch手机秒玩教学|switch游戏推荐|手机Switch游戏,2026-01-21 00:14:58,switch模拟器,switch手机秒玩教学,switch游戏推荐,手机Switch游戏
desc_14_1768924141258.png,金铲铲之战单机版,金铲铲之战单机版|金铲铲单机版怎么下载|金铲铲之战无限金币单机版|金铲铲无..展开,2026-01-21 00:14:58,金铲铲之战单机版,金铲铲单机版怎么下载,金铲铲之战无限金币单机版,金铲铲无..展开
desc_15_1768924151918.png,米加小镇,米加小镇|米加小镇游戏|米加小镇变装,2026-01-21 00:14:58,米加小镇,米加小镇游戏,米加小镇变装,
desc_16_1768924162562.png,隐秘的遗产,隐秘的遗产|隐秘的遗产手机版|隐秘的遗产安,2026-01-21 00:14:58,隐秘的遗产,隐秘的遗产手机版,隐秘的遗产安,
desc_17_1768924173194.png,索“小田游戏”3.会自动跳转4.点击开始游戏,索“小田游戏”3.会自动跳转4.点击开始游戏,2026-01-21 00:14:58,索“小田游戏”3.会自动跳转4.点击开始游戏,,,
desc_18_1768924184105.png,初音未来,初音未来|初音未来游戏|miku初音未来,2026-01-21 00:14:58,初音未来,初音未来游戏,miku初音未来,
desc_19_1768924194473.png,kards,kards|kards游戏|kards安装|KARDS游戏,2026-01-21 00:14:58,kards,kards游戏,kards安装,KARDS游戏
desc_20_1768924204760.png,,,2026-01-21 00:14:58,,,,
desc_21_1768924215225.png,粉末游戏,粉末游戏下载|粉末游戏安装|粉末,2026-01-21 00:14:58,粉末游戏下载,粉末游戏安装,粉末,
desc_22_1768924225995.png,兽化实验室,兽化实验室|兽化实验室下载,2026-01-21 00:14:58,兽化实验室,兽化实验室下载,,
desc_23_1768924236240.png,道德的界限,道德的界限|道德的界限游戏|道德的界限安装|道德的界限手机版,2026-01-21 00:14:58,道德的界限,道德的界限游戏,道德的界限安装,道德的界限手机版
desc_24_1768924247002.png,烽火十四游戏,烽火十四游戏|烽火十四游戏下载,2026-01-21 00:14:58,烽火十四游戏,烽火十四游戏下载,,
desc_25_1768924257590.png,荒野,荒野|荒野大镖客2|荒野大镖客,2026-01-21 00:14:58,荒野,荒野大镖客2,荒野大镖客,
desc_26_1768924267971.png,绣湖全系列,绣湖全系列|绣湖全系列游戏合集|绣湖系列游,2026-01-21 00:14:58,绣湖全系列,绣湖全系列游戏合集,绣湖系列游,
desc_27_1768924278533.png,怪胎马戏团,怪胎马戏团|怪胎马戏团2.0,2026-01-21 00:14:58,怪胎马戏团,怪胎马戏团2.0,,
desc_28_1768924288955.png,再玩亿关游戏,再玩亿关游戏下载|再玩亿,2026-01-21 00:14:58,再玩亿关游戏下载,再玩亿,,
desc_29_1768924299486.png,男室友,男室友|男梁室友,2026-01-21 00:14:58,男室友,男梁室友,,
desc_30_1768924309928.png,红楼梦游戏,红楼梦游戏|红楼梦galgame|红楼梦,2026-01-21 00:14:58,红楼梦游戏,红楼梦galgame,红楼梦,
desc_31_1768924320247.png,avvy捏脸游戏,avvy捏脸游戏|avvy捏脸手,2026-01-21 00:14:58,avvy捏脸游戏,avvy捏脸手,,
desc_32_1768924330642.png,幻兽帕鲁游戏,幻兽帕鲁游戏|幻兽帕鲁手机版|幻兽帕鲁手游版,2026-01-21 00:14:58,幻兽帕鲁游戏,幻兽帕鲁手机版,幻兽帕鲁手游版,
desc_33_1768924341160.png,太空挖宝模拟器,太空挖宝模拟器|太空挖宝模拟器下载|挖宝模拟器下载,2026-01-21 00:14:58,太空挖宝模拟器,太空挖宝模拟器下载,挖宝模拟器下载,
desc_34_1768924351672.png,迷你警探,迷你警探下载安装,2026-01-21 00:14:58,迷你警探下载安装,,,
desc_35_1768924362159.png,kards二战卡牌游戏,kards二战卡牌游戏,2026-01-21 00:14:58,kards二战卡牌游戏,,,
desc_36_1768924372590.png,终极角逐预,终极角逐预下载|终极角逐安装,2026-01-21 00:14:58,终极角逐预下载,终极角逐安装,,
desc_37_1768924382949.png,campbuddy,campbuddy|campbuddy教官篇|campbuddy汉化,2026-01-21 00:14:58,campbuddy,campbuddy教官篇,campbuddy汉化,
desc_38_1768924393554.png,炽焰酒壶,炽焰酒壶下载|炽焰酒壶游戏|烧焰,2026-01-21 00:14:58,炽焰酒壶下载,炽焰酒壶游戏,烧焰,
desc_39_1768924404086.png,,,2026-01-21 00:14:58,,,,
desc_40_1768924414549.png,牧场农场,牧场农场|牧场农场与商店模拟器,2026-01-21 00:14:58,牧场农场,牧场农场与商店模拟器,,
desc_41_1768924425137.png,做梦模拟器,做梦模拟器|正太小男孩|做梦模拟,2026-01-21 00:14:58,做梦模拟器,正太小男孩,做梦模拟,
desc_42_1768924435619.png,首页搜索“小田游戏”3.会自动跳转4.点击,首页搜索“小田游戏”3.会自动跳转4.点击安装,2026-01-21 00:14:58,首页搜索“小田游戏”3.会自动跳转4.点击安装,,,
desc_43_1768924446077.png,夏之音,夏之音|夏之音下载|夏音公寓游戏怎么下,2026-01-21 00:14:58,夏之音,夏之音下载,夏音公寓游戏怎么下,
desc_44_1768924456516.png,僵尸猜拳,僵尸|僵尸猜拳下载|僵尸猜拳游戏|僵尸猜拳,2026-01-21 00:14:58,僵尸,僵尸猜拳下载,僵尸猜拳游戏,僵尸猜拳
desc_45_1768924467117.png,变成你喜欢的样子,变成你喜欢的样子|变成你喜欢的样子游戏|努力变成你喜欢的样子|变成你喜欢的..展开,2026-01-21 00:14:58,变成你喜欢的样子,变成你喜欢的样子游戏,努力变成你喜欢的样子,变成你喜欢的..展开
desc_46_1768924478227.png,希尔薇,希尔薇,2026-01-21 00:14:58,希尔薇,,,
desc_47_1768924488658.png,异变检查毫无疏漏,异变检查毫无疏漏|异变检查毫无疏漏下载|异变检查毫...展开,2026-01-21 00:14:58,异变检查毫无疏漏,异变检查毫无疏漏下载,异变检查毫...展开,
desc_48_1768924499079.png,爱撒娇的妹妹,爱撒娇的妹妹怎么下载,2026-01-21 00:14:58,爱撒娇的妹妹怎么下载,,,
desc_49_1768924509549.png,网球,网球|网球天使手游|网球天使游戏下载,2026-01-21 00:14:58,网球,网球天使手游,网球天使游戏下载,
desc_50_1768924520300.png,乐高幻影忍者游戏,乐高幻影忍者游戏|乐高幻影忍|乐高幻影忍者下载,2026-01-21 00:14:58,乐高幻影忍者游戏,乐高幻影忍,乐高幻影忍者下载,
desc_51_1768924530956.png,弱爆勇者讨伐魔王,弱爆勇者讨伐魔王|弱爆勇者讨伐魔王手机|弱爆勇者讨伐魔王手机版下载|.展开,2026-01-21 00:14:58,弱爆勇者讨伐魔王,弱爆勇者讨伐魔王手机,弱爆勇者讨伐魔王手机版下载,.展开
desc_52_1768924541365.png,死盘子,死盘子|死盘子下载|死盘子安装|DEADPLATE死盘子,2026-01-21 00:14:58,死盘子,死盘子下载,死盘子安装,DEADPLATE死盘子
desc_53_1768924551659.png,,,2026-01-21 00:14:58,,,,
desc_54_1768924562118.png,航天模拟器,航天模拟器下载|航天模拟器登月,2026-01-21 00:14:58,航天模拟器下载,航天模拟器登月,,
desc_55_1768924572336.png,无敌,无敌|无敌少侠游戏|无敌少侠手游|无敌少侠,2026-01-21 00:14:58,无敌,无敌少侠游戏,无敌少侠手游,无敌少侠
desc_56_1768924582696.png,星露谷物语mod,星露谷物语mod|星露,2026-01-21 00:14:58,星露谷物语mod,星露,,
desc_57_1768924593299.png,车祸模拟器,车祸模拟器手机版|车祸模拟器|游戏分..展开,2026-01-21 00:14:58,车祸模拟器手机版,车祸模拟器,游戏分..展开,
desc_58_1768924603681.png,堕落精灵芙蕾雅,堕落精灵芙蕾雅|芙蕾雅|堕落|堕落精灵游戏,2026-01-21 00:14:58,堕落精灵芙蕾雅,芙蕾雅,堕落,堕落精灵游戏
desc_59_1768924614151.png,怪兽8号,怪兽8号|怪兽8号进不去游戏|怪兽|怪兽八号保科,2026-01-21 00:14:58,怪兽8号,怪兽8号进不去游戏,怪兽,怪兽八号保科
desc_60_1768924624676.png,学园构想家,学园构想家|学园构想家下载|学园构想家游戏,2026-01-21 00:14:58,学园构想家,学园构想家下载,学园构想家游戏,
desc_61_1768924635001.png,顽皮商店经理,顽皮商店经理手机版|顽..展开,2026-01-21 00:14:58,顽皮商店经理手机版,顽..展开,,
desc_62_1768924645578.png,放屁女王模拟器,放屁女王模拟器下载|放屁女|放屁女王模拟器下..展开,2026-01-21 00:14:58,放屁女王模拟器下载,放屁女,放屁女王模拟器下..展开,
desc_63_1768924656165.png,手机下载塞雷卡2,手机下载塞雷卡2,2026-01-21 00:14:58,手机下载塞雷卡2,,,
desc_64_1768924666595.png,滴仙索欢录,滴仙索欢录,2026-01-21 00:14:58,滴仙索欢录,,,
desc_65_1768924676944.png,勾八狂想曲,勾八狂想曲|勾八狂想曲下载教|勾八狂想曲安装|勾八狂想曲下载,2026-01-21 00:14:58,勾八狂想曲,勾八狂想曲下载教,勾八狂想曲安装,勾八狂想曲下载
desc_66_1768924687402.png,pangya魔法飞球,pangya魔法飞球下载|pangya魔法飞球..展开,2026-01-21 00:14:58,pangya魔法飞球下载,pangya魔法飞球..展开,,
desc_67_1768924697768.png,放屁女王模拟器,放屁女王模拟器|放屁女王模,2026-01-21 00:14:58,放屁女王模拟器,放屁女王模,,
desc_68_1768924708148.png,别对我过分着迷,别对我过分着迷|别对我过分|别对我过分着迷下载|别对我..展开,2026-01-21 00:14:58,别对我过分着迷,别对我过分,别对我过分着迷下载,别对我..展开
desc_69_1768924718899.png,火影忍者体验服,火影忍者体验服|火影忍者体,2026-01-21 00:14:58,火影忍者体验服,火影忍者体,,
desc_70_1768924729388.png,我的世界,我的世界老版本|我的世界老,2026-01-21 00:14:58,我的世界老版本,我的世界老,,
desc_71_1768924739960.png,露娜luna,露娜luna|露娜luna游戏|游戏露娜,2026-01-21 00:14:58,露娜luna,露娜luna游戏,游戏露娜,
desc_72_1768924750773.png,诡秘庇护所,诡秘庇护所|闹鬼港|闹鬼港湾手机版,2026-01-21 00:14:58,诡秘庇护所,闹鬼港,闹鬼港湾手机版,
desc_73_1768924761398.png,魔女的侵袭,魔女的侵袭|魔女的侵袭2|魔女|魔女的侵袭手机版,2026-01-21 00:14:58,魔女的侵袭,魔女的侵袭2,魔女,魔女的侵袭手机版
desc_74_1768924771930.png,辣妹基地,辣妹基地|辣妹基地游戏,2026-01-21 00:14:58,辣妹基地,辣妹基地游戏,,
desc_75_1768924782311.png,龙岛异兽起源,龙岛异兽起源|龙岛异兽起源下载|龙岛异兽游戏,2026-01-21 00:14:58,龙岛异兽起源,龙岛异兽起源下载,龙岛异兽游戏,
desc_76_1768924792758.png,光遇OPPO渠道服,光遇OPPO渠道服|光遇|光遇OPPO服共号|光遇体验服,2026-01-21 00:14:58,光遇OPPO渠道服,光遇,光遇OPPO服共号,光遇体验服
desc_77_1768924803076.png,巨大史莱姆娘,史莱姆娘|巨大史莱姆娘|巨大|巨大史莱姆娘下载,2026-01-21 00:14:58,史莱姆娘,巨大史莱姆娘,巨大,巨大史莱姆娘下载
desc_78_1768924813749.png,和平精英体验服,和平精英体验服|和平精英体|和平精英体验服下载|和平精..展开,2026-01-21 00:14:58,和平精英体验服,和平精英体,和平精英体验服下载,和平精..展开
desc_79_1768924824019.png,让我支配你,让我支配你|让我支配你游戏,2026-01-21 00:14:58,让我支配你,让我支配你游戏,,
desc_80_1768924834475.png,约翰的农场,约翰的农场|约翰的农场手机版下,2026-01-21 00:14:58,约翰的农场,约翰的农场手机版下,,
desc_81_1768924844902.png,调皮的熊熊,调皮的熊熊|调皮的熊熊下载,2026-01-21 00:14:58,调皮的熊熊,调皮的熊熊下载,,
desc_82_1768924855302.png,纸房子,纸房子下载|纸房子|纸房子游戏|纸房,2026-01-21 00:14:58,纸房子下载,纸房子,纸房子游戏,纸房
desc_83_1768924865864.png,能干的后辈葵酱,能干的后辈葵酱|能干的后辈|能干的后辈葵酱安装|能干的..展开,2026-01-21 00:14:58,能干的后辈葵酱,能干的后辈,能干的后辈葵酱安装,能干的..展开
desc_84_1768924876365.png,汤姆猫病毒,汤姆猫病毒|汤姆猫病毒版下载,2026-01-21 00:14:58,汤姆猫病毒,汤姆猫病毒版下载,,
desc_85_1768924886787.png,kemopop,Kemopop|kemopop游戏|kemopop手机版|kemopop下载,2026-01-21 00:14:58,Kemopop,kemopop游戏,kemopop手机版,kemopop下载
desc_86_1768924897145.png,空洞骑士丝之歌,空洞骑士丝之歌|空洞骑士|空洞骑士丝之歌下载|游戏...展开,2026-01-21 00:14:58,空洞骑士丝之歌,空洞骑士,空洞骑士丝之歌下载,游戏...展开
desc_87_1768924907781.png,汤姆猫病毒,汤姆猫病毒|汤姆猫病毒版下载,2026-01-21 00:14:58,汤姆猫病毒,汤姆猫病毒版下载,,
desc_88_1768924918265.png,oksama模拟器,oksama模拟器|okusama模拟,2026-01-21 00:14:58,oksama模拟器,okusama模拟,,
desc_89_1768924928869.png,光遇体验服,光遇体验服|光遇体验服下载|光遇安卓国服,2026-01-21 00:14:58,光遇体验服,光遇体验服下载,光遇安卓国服,
desc_90_1768924939328.png,PUBG,PUBG|PUBG国际服|pubg国际|pubg国际服游戏,2026-01-21 00:14:58,PUBG,PUBG国际服,pubg国际,pubg国际服游戏
desc_91_1768924950037.png,恶搞之家赛车游戏,恶搞之家赛车游戏|恶搞之,2026-01-21 00:14:58,恶搞之家赛车游戏,恶搞之,,
desc_92_1768924960455.png,挤在一起的狗狗在哪玩,挤在一起的狗狗在哪玩|挤在|挤在一起的狗狗...展开,2026-01-21 00:14:58,挤在一起的狗狗在哪玩,挤在,挤在一起的狗狗...展开,
desc_93_1768924971063.png,蛋仔高中部,蛋仔高中部|蛋仔高中部下载|蛋仔高中部小蓝,2026-01-21 00:14:58,蛋仔高中部,蛋仔高中部下载,蛋仔高中部小蓝,
desc_94_1768924981726.png,乐高幻影忍者,乐高幻影忍者|乐高幻影忍者系|乐高幻影忍者下载|乐高幻影忍者安装,2026-01-21 00:14:58,乐高幻影忍者,乐高幻影忍者系,乐高幻影忍者下载,乐高幻影忍者安装
desc_95_1768924992711.png,我的世界JAVA版,我的世界JAVA版|我的世界|我的世界JAVA版安装|我的世...展开,2026-01-21 00:14:58,我的世界JAVA版,我的世界,我的世界JAVA版安装,我的世...展开
desc_96_1768925003205.png,wh4t1wOuldntd0,wh4t1wOuldntd0|wh4t1wOudntdO|Wh4t1w汉化版|wh4t1wOuldntd0下载,2026-01-21 00:14:58,wh4t1wOuldntd0,wh4t1wOudntdO,Wh4t1w汉化版,wh4t1wOuldntd0下载
desc_97_1768925014014.png,狼伴侣,狼伴侣|狼伴侣wolfmate|狼伴侣WolfMate怎么下载,2026-01-21 00:14:58,狼伴侣,狼伴侣wolfmate,狼伴侣WolfMate怎么下载,
desc_98_1768925025139.png,孕育的摇篮之卵,孕育的摇篮之卵|孕育的摇篮|孕育的摇篮之卵怎么下载..展开,2026-01-21 00:14:58,孕育的摇篮之卵,孕育的摇篮,孕育的摇篮之卵怎么下载..展开,
desc_99_1768925035777.png,TFS飞行模拟器,TFS飞行模拟器|TFS飞行模拟|飞行模拟器游戏|RFS真实飞行模拟器,2026-01-21 00:14:58,TFS飞行模拟器,TFS飞行模拟,飞行模拟器游戏,RFS真实飞行模拟器
desc_100_1768925046158.png,放屁女王模拟器,放屁女王模拟器|放屁模拟器,2026-01-21 00:14:58,放屁女王模拟器,放屁模拟器,,
desc_101_1768925056893.png,尤雅时光,尤雅时光|尤雅时光下载|尤雅时光加|尤雅时光手游,2026-01-21 00:14:58,尤雅时光,尤雅时光下载,尤雅时光加,尤雅时光手游
desc_102_1768925067595.png,bloodmoney,bloodmoney|bloodmoney游戏下|bloodmoney下载.展开,2026-01-21 00:14:58,bloodmoney,bloodmoney游戏下,bloodmoney下载.展开,
desc_103_1768925078043.png,switch游戏,switch游戏|switch模拟器|switch手机模拟器,2026-01-21 00:14:58,switch游戏,switch模拟器,switch手机模拟器,
desc_104_1768925088531.png,mustscream,mustscream|尖叫才能奔跑游戏|尖叫才能奔跑怎么下载,2026-01-21 00:14:58,mustscream,尖叫才能奔跑游戏,尖叫才能奔跑怎么下载,
desc_105_1768925098977.png,无畏契约,无畏契约|无畏契约手游|无畏契约下|无畏契约安装,2026-01-21 00:14:58,无畏契约,无畏契约手游,无畏契约下,无畏契约安装
desc_106_1768925109619.png,奥特曼游戏,奥特曼游戏|奥特曼游戏系列|奥特曼传奇英雄下载,2026-01-21 00:14:58,奥特曼游戏,奥特曼游戏系列,奥特曼传奇英雄下载,
desc_107_1768925120291.png,火影忍者手游,火影忍者手游|火影忍|火影忍者究极风暴4手机版.展开,2026-01-21 00:14:58,火影忍者手游,火影忍,火影忍者究极风暴4手机版.展开,
desc_108_1768925130978.png,,,2026-01-21 00:14:58,,,,
desc_109_1768925140607.png,sprunki节奏盒子,sprunki节奏盒子|节奏盒子|节奏盒子优质模组,2026-01-21 00:14:58,sprunki节奏盒子,节奏盒子,节奏盒子优质模组,
desc_110_1768925151282.png,王者荣耀体验服,王者荣耀体验服下载|王者荣耀|王者荣耀体验服申请资..展开,2026-01-21 00:14:58,王者荣耀体验服下载,王者荣耀,王者荣耀体验服申请资..展开,
desc_111_1768925161866.png,实况足球手游,实况足球手游|实况足球下载教,2026-01-21 00:14:58,实况足球手游,实况足球下载教,,
desc_112_1768925172681.png,莉拉酱与狭窄洞穴,莉拉酱与狭窄洞穴|莉拉酱与|莉拉酱与狭窄洞穴下.展开,2026-01-21 00:14:58,莉拉酱与狭窄洞穴,莉拉酱与,莉拉酱与狭窄洞穴下.展开,
desc_113_1768925183265.png,怪胎马戏团,怪胎马戏团|怪胎马戏团游戏|怪胎|怪胎马戏团下载,2026-01-21 00:14:58,怪胎马戏团,怪胎马戏团游戏,怪胎,怪胎马戏团下载
desc_114_1768925193719.png,警察模拟器,警察模拟器|警察模拟器下载|巡逻|警察模拟器手机版,2026-01-21 00:14:58,警察模拟器,警察模拟器下载,巡逻,警察模拟器手机版
desc_115_1768925204233.png,越狱模拟器,越狱模拟器|越狱模拟器手游|越狱,2026-01-21 00:14:58,越狱模拟器,越狱模拟器手游,越狱,
desc_116_1768925214788.png,avvy捏脸,avvy捏脸|avvy捏脸游戏|avvy捏,2026-01-21 00:14:58,avvy捏脸,avvy捏脸游戏,avvy捏,
desc_117_1768925225052.png,小兔子乖乖,小兔子乖乖|小兔子乖乖游戏|小兔,2026-01-21 00:14:58,小兔子乖乖,小兔子乖乖游戏,小兔,
desc_118_1768925235633.png,盖瑞模组,盖瑞模组|gmod盖瑞模组|盖瑞模组手|盖瑞模组手游,2026-01-21 00:14:58,盖瑞模组,gmod盖瑞模组,盖瑞模组手,盖瑞模组手游
desc_119_1768925246365.png,代号砰评,代号砰评|代号砰评下载|代号砰评手|代号砰砰下载,2026-01-21 00:14:58,代号砰评,代号砰评下载,代号砰评手,代号砰砰下载
desc_120_1768925256956.png,假面骑士巅峰乱斗,假面骑士巅峰乱斗|假面骑士,2026-01-21 00:14:58,假面骑士巅峰乱斗,假面骑士,,
desc_121_1768925267519.png,火车模拟器,火车模拟器|火车模拟器下载|美国,2026-01-21 00:14:58,火车模拟器,火车模拟器下载,美国,
desc_122_1768925278044.png,宝可梦大集结正式上线,宝可梦大集结正式上线|宝可梦,2026-01-21 00:14:58,宝可梦大集结正式上线,宝可梦,,
desc_123_1768925288928.png,NBA2K20,NBA2K20|nba2k游戏|NBA2k系列手|最强NBA,2026-01-21 00:14:58,NBA2K20,nba2k游戏,NBA2k系列手,最强NBA
desc_124_1768925299604.png,,,2026-01-21 00:14:58,,,,
desc_125_1768925310216.png,奥特曼,奥特曼|奥特曼手机游戏|迪迦奥|奥特曼游戏合集,2026-01-21 00:14:58,奥特曼,奥特曼手机游戏,迪迦奥,奥特曼游戏合集
desc_126_1768925320733.png,,,2026-01-21 00:14:58,,,,
desc_127_1768925331408.png,NBA2K25,NBA2K25|nba|NBA|NBA25选秀,2026-01-21 00:14:58,NBA2K25,nba,NBA,NBA25选秀
desc_128_1768925342220.png,假面骑士,假面骑士|假面骑士巅峰乱|假面骑士超巅峰英雄手游|假面骑士..展开,2026-01-21 00:14:58,假面骑士,假面骑士巅峰乱,假面骑士超巅峰英雄手游,假面骑士..展开
desc_129_1768925353280.png,煤炭镇的小白,煤炭镇的小白|蜡笔小新煤炭镇的,2026-01-21 00:14:58,煤炭镇的小白,蜡笔小新煤炭镇的,,
desc_130_1768925364200.png,jojo的奇妙冒险,jojo的奇妙冒险|JOJO的奇妙冒险|jojo群星之战手机怎么下载|...展开,2026-01-21 00:14:58,jojo的奇妙冒险,JOJO的奇妙冒险,jojo群星之战手机怎么下载,...展开
desc_131_1768925374880.png,假面骑士巅峰乱斗,假面骑士巅峰乱斗|假面骑士|假面骑士游戏手机版超.展开,2026-01-21 00:14:58,假面骑士巅峰乱斗,假面骑士,假面骑士游戏手机版超.展开,
desc_132_1768925385630.png,sprunki节奏盒子,sprunki节奏盒子|节奏盒子Sprunki|Sprunki节奏盒子oc,2026-01-21 00:14:58,sprunki节奏盒子,节奏盒子Sprunki,Sprunki节奏盒子oc,
desc_133_1768925396255.png,都市天际线,都市天际线|都市天际线下载|都市天际,2026-01-21 00:14:58,都市天际线,都市天际线下载,都市天际,
desc_134_1768925406860.png,火车模拟器,火车模拟器|火车模拟器下载|火车模拟|火车模拟器怎么下载,2026-01-21 00:14:58,火车模拟器,火车模拟器下载,火车模拟,火车模拟器怎么下载
desc_135_1768925417360.png,switch,switch|switch安装|switch手机模|任天堂switch游戏,2026-01-21 00:14:58,switch,switch安装,switch手机模,任天堂switch游戏
desc_136_1768925427999.png,使命召唤手游正式上线,使命召唤手游正式上线|使命召唤手游四周|使命召唤战区手游,2026-01-21 00:14:58,使命召唤手游正式上线,使命召唤手游四周,使命召唤战区手游,
desc_137_1768925438676.png,猫三国,猫三国|猫三国下载|猫三国安装|猫三国怎,2026-01-21 00:14:58,猫三国,猫三国下载,猫三国安装,猫三国怎
desc_138_1768925449287.png,长途旅行,长途旅行|长途旅行下载|长途旅行怎么下|长途旅行安装,2026-01-21 00:14:58,长途旅行,长途旅行下载,长途旅行怎么下,长途旅行安装
desc_139_1768925459751.png,蜡笔小新之小帮手大作战,蜡笔小新之小帮手大作战|蜡笔小新之小帮手大作战安卓..展开,2026-01-21 00:14:58,蜡笔小新之小帮手大作战,蜡笔小新之小帮手大作战安卓..展开,,
desc_140_1768925470373.png,洛克王国,洛克王国|洛克王国下载|洛克王国手|洛克王国安装,2026-01-21 00:14:58,洛克王国,洛克王国下载,洛克王国手,洛克王国安装
desc_141_1768925480980.png,煤炭镇的小白,煤炭镇的小白|蜡笔小新煤炭|蜡笔小新煤炭镇的小白手..展开,2026-01-21 00:14:58,煤炭镇的小白,蜡笔小新煤炭,蜡笔小新煤炭镇的小白手..展开,
desc_142_1768925491284.png,速度之星,速度之星|速度之星下载|速度之星手机版,2026-01-21 00:14:58,速度之星,速度之星下载,速度之星手机版,
desc_143_1768925501978.png,特工17,特工17|特工17下载|特工17安装|特工17手,2026-01-21 00:14:58,特工17,特工17下载,特工17安装,特工17手
desc_144_1768925512860.png,三千幻世,三千幻世|三千幻世下载|三千幻世安装,2026-01-21 00:14:58,三千幻世,三千幻世下载,三千幻世安装,
desc_145_1768925523481.png,红色警戒,红色警戒|手机版红色警戒|红色警|红色警戒下载方法,2026-01-21 00:14:58,红色警戒,手机版红色警戒,红色警,红色警戒下载方法
desc_146_1768925534190.png,车祸模拟器,车祸模拟器|车祸模拟器下载|车祸模拟|车祸模拟器安装,2026-01-21 00:14:58,车祸模拟器,车祸模拟器下载,车祸模拟,车祸模拟器安装
desc_147_1768925544794.png,咒语旅团,咒语旅团|咒语旅团手游在哪下,2026-01-21 00:14:58,咒语旅团,咒语旅团手游在哪下,,
desc_148_1768925555341.png,植物大战僵尸,植物大战僵尸|植物大战僵尸疯.展开,2026-01-21 00:14:58,植物大战僵尸,植物大战僵尸疯.展开,,
desc_149_1768925566041.png,植物大战僵尸,植物大战僵尸|植物大战僵尸疯..展开,2026-01-21 00:14:58,植物大战僵尸,植物大战僵尸疯..展开,,
desc_150_1768925576631.png,植物大战僵尸,植物大战僵尸|植物大战僵尸疯...展开,2026-01-21 00:14:58,植物大战僵尸,植物大战僵尸疯...展开,,
desc_0_1768926254119.png,啵点节奏,啵点节奏|啵点节奏游戏,2026-01-21 01:08:52,啵点节奏,啵点节奏游戏,,
desc_1_1768926264760.png,哆啦小镇,哆啦小镇|哆啦小镇下载|心动小镇|哆啦小镇手机版,2026-01-21 01:08:52,哆啦小镇,哆啦小镇下载,心动小镇,哆啦小镇手机版
desc_2_1768926275204.png,荒野大镖客,荒野大镖客|荒野大镖客救|荒野大镖客2手机版,2026-01-21 01:08:52,荒野大镖客,荒野大镖客救,荒野大镖客2手机版,
desc_3_1768926285706.png,pubg国际服,pubg国际服|pubg国际服游戏,2026-01-21 01:08:52,pubg国际服,pubg国际服游戏,,
desc_4_1768926295884.png,捣蛋大脚怪,捣蛋大脚怪|捣蛋大脚怪游戏|捣蛋大|捣蛋大脚怪安装,2026-01-21 01:08:52,捣蛋大脚怪,捣蛋大脚怪游戏,捣蛋大,捣蛋大脚怪安装
desc_5_1768926306394.png,怪胎马戏团2.0,怪胎马戏团2.0|怪胎马戏团怪胎马|怪胎马戏团游戏,2026-01-21 01:08:52,怪胎马戏团2.0,怪胎马戏团怪胎马,怪胎马戏团游戏,
desc_6_1768926316704.png,模拟人生,模拟人生|模拟人生4|模拟人生游戏,2026-01-21 01:08:52,模拟人生,模拟人生4,模拟人生游戏,
desc_7_1768926327248.png,火车模拟器,火车模拟器|火车模拟器手游|火车模|火车模拟器下载,2026-01-21 01:08:52,火车模拟器,火车模拟器手游,火车模,火车模拟器下载
desc_8_1768926337666.png,终极角逐,终极角逐|终极角逐首发上线|终极|终极角逐下载,2026-01-21 01:08:52,终极角逐,终极角逐首发上线,终极,终极角逐下载
desc_9_1768926348017.png,小人与小船,小人与小船|小人与小船下载|的小人|小人与小船怎么下载,2026-01-21 01:08:52,小人与小船,小人与小船下载,的小人,小人与小船怎么下载
desc_10_1768926358358.png,苏丹的游戏,苏丹的游戏手机版,2026-01-21 01:08:52,苏丹的游戏手机版,,,
desc_11_1768926368732.png,雪地奔驰,雪地奔驰|雪地奔驰下载|雪地奔驰安装,2026-01-21 01:08:52,雪地奔驰,雪地奔驰下载,雪地奔驰安装,
desc_12_1768926379069.png,洛克王国,洛克王国|洛克王国世界,2026-01-21 01:08:52,洛克王国,洛克王国世界,,
desc_13_1768926389366.png,迷你警探游戏咋,迷你警探游戏咋下载,2026-01-21 01:08:52,迷你警探游戏咋下载,,,
desc_14_1768926399922.png,银之冠碧之泪,银之冠碧之泪手机版|银之冠碧,2026-01-21 01:08:52,银之冠碧之泪手机版,银之冠碧,,
desc_15_1768926410453.png,柏林公寓,柏林公寓|柏林公寓下载|柏林公寓安装,2026-01-21 01:08:52,柏林公寓,柏林公寓下载,柏林公寓安装,
desc_16_1768926420969.png,海岸咖啡馆,海岸咖啡馆|海岸咖啡馆下载|兽游海|海岸咖啡馆游戏,2026-01-21 01:08:52,海岸咖啡馆,海岸咖啡馆下载,兽游海,海岸咖啡馆游戏
desc_17_1768926431309.png,死盘子,死盘子|死盘子下载|死盘子安装|死盘子下,2026-01-21 01:08:52,死盘子,死盘子下载,死盘子安装,死盘子下
desc_18_1768926441492.png,牧场农场与商店模拟器,牧场农场与商店模拟器,2026-01-21 01:08:52,牧场农场与商店模拟器,,,
desc_19_1768926451884.png,生化公司救赎,生化公司救赎|生化公司救赎手游,2026-01-21 01:08:52,生化公司救赎,生化公司救赎手游,,
desc_20_1768926462324.png,无敌少侠,无敌少侠|无敌少侠游戏,2026-01-21 01:08:52,无敌少侠,无敌少侠游戏,,
desc_21_1768926472651.png,正太小男孩,正太小男孩|做梦模拟|正太小男孩游戏|做梦模拟器游戏,2026-01-21 01:08:52,正太小男孩,做梦模拟,正太小男孩游戏,做梦模拟器游戏
desc_22_1768926483287.png,我的世界枪械模组,我的世界枪械模组下载|我的世|我的世界枪械模组推荐..展开,2026-01-21 01:08:52,我的世界枪械模组下载,我的世,我的世界枪械模组推荐..展开,
desc_23_1768926493728.png,夏之音,夏之音|夏之音游戏|夏之音手机版下载教,2026-01-21 01:08:52,夏之音,夏之音游戏,夏之音手机版下载教,
desc_24_1768926504236.png,逸剑风云决,逸剑风云决|逸剑风云决下载|逸剑风|逸剑风云决手游,2026-01-21 01:08:52,逸剑风云决,逸剑风云决下载,逸剑风,逸剑风云决手游
desc_25_1768926514580.png,avvy捏脸游戏,avvy捏脸游戏|avvy捏脸手机下载教,2026-01-21 01:08:52,avvy捏脸游戏,avvy捏脸手机下载教,,
desc_26_1768926525033.png,魔法少女小圆,魔法少女小圆|魔法少女小圆手游怎|魔法少女小圆安装|魔法少女小.展开,2026-01-21 01:08:52,魔法少女小圆,魔法少女小圆手游怎,魔法少女小圆安装,魔法少女小.展开
desc_27_1768926535580.png,池核,池核|池核poolcore|池核游戏|池核怎么下,2026-01-21 01:08:52,池核,池核poolcore,池核游戏,池核怎么下
desc_28_1768926545832.png,查尔斯小火车,查尔斯小火车|查尔斯小火车手游|查尔斯小火车怎么下载,2026-01-21 01:08:52,查尔斯小火车,查尔斯小火车手游,查尔斯小火车怎么下载,
desc_29_1768926556341.png,双人成狗,双人成狗|双人成狗下载|双人成狗手游,2026-01-21 01:08:52,双人成狗,双人成狗下载,双人成狗手游,
desc_30_1768926566635.png,假面骑士巅峰乱斗,假面骑士巅峰乱斗手机版|假面|假面骑士巅峰乱斗手机...展开,2026-01-21 01:08:52,假面骑士巅峰乱斗手机版,假面,假面骑士巅峰乱斗手机...展开,
desc_31_1768926576919.png,分拣员模拟器,分拣员模拟器|分拣员模拟器手机版|分拣员模拟器游戏下载|分拣员模拟器...展开,2026-01-21 01:08:52,分拣员模拟器,分拣员模拟器手机版,分拣员模拟器游戏下载,分拣员模拟器...展开
desc_32_1768926587651.png,乐高幻影忍者,乐高幻影忍者|乐高幻影忍者下载教,2026-01-21 01:08:52,乐高幻影忍者,乐高幻影忍者下载教,,
desc_33_1768926598199.png,和平精英体验服,和平精英体验服|和平精英体验服新版本|和平精.展开,2026-01-21 01:08:52,和平精英体验服,和平精英体验服新版本,和平精.展开,
desc_34_1768926608498.png,拳皇97,拳皇97|拳皇98|拳皇97ol|拳皇97终极之,2026-01-21 01:08:52,拳皇97,拳皇98,拳皇97ol,拳皇97终极之
desc_35_1768926618776.png,轮椅模拟器,轮椅模拟器|轮椅模拟器下载|轮椅模|轮椅模拟器手机版,2026-01-21 01:08:52,轮椅模拟器,轮椅模拟器下载,轮椅模,轮椅模拟器手机版
desc_36_1768926629255.png,长号冠军,长号冠军|长号冠军游戏|长号冠军怎么|长号冠军怎么下载,2026-01-21 01:08:52,长号冠军,长号冠军游戏,长号冠军怎么,长号冠军怎么下载
desc_37_1768926639622.png,,,2026-01-21 01:08:52,,,,
desc_38_1768926650159.png,欧洲卡车模拟器3,欧洲卡车模拟器3|欧洲卡车模拟|欧洲卡车模拟器2手机版|欧洲卡车...展开,2026-01-21 01:08:52,欧洲卡车模拟器3,欧洲卡车模拟,欧洲卡车模拟器2手机版,欧洲卡车...展开
desc_39_1768926660437.png,拣爱,拣爱|拣爱游戏|拣爱怎么下载,2026-01-21 01:08:52,拣爱,拣爱游戏,拣爱怎么下载,
desc_40_1768926670652.png,外星虫入侵地球,外星虫入侵地球|外星虫入侵游戏|外星虫入侵手游|外星虫入侵下载,2026-01-21 01:08:52,外星虫入侵地球,外星虫入侵游戏,外星虫入侵手游,外星虫入侵下载
desc_41_1768926680886.png,孕育的摇篮之卵,孕育的摇篮之卵|孕育的摇篮|孕育的摇篮之卵手机版|孕.展开,2026-01-21 01:08:52,孕育的摇篮之卵,孕育的摇篮,孕育的摇篮之卵手机版,孕.展开
desc_42_1768926691176.png,我的世界JAVA版,我的世界JAVA版|java版我的|我的世界java手机版,2026-01-21 01:08:52,我的世界JAVA版,java版我的,我的世界java手机版,
desc_43_1768926701489.png,incredibox,incredibox,2026-01-21 01:08:52,incredibox,,,
desc_44_1768926711813.png,催眠2,催眠2|催眠游戏|催眠麦克风手游,2026-01-21 01:08:52,催眠2,催眠游戏,催眠麦克风手游,
desc_45_1768926722206.png,辣妹基地在哪下,辣妹基地在哪下,2026-01-21 01:08:52,辣妹基地在哪下,,,
desc_46_1768926732478.png,动物派对怎么,动物派对|猛兽派对|动物派对怎么|动物派对怎么安装,2026-01-21 01:08:52,动物派对,猛兽派对,动物派对怎么,动物派对怎么安装
desc_47_1768926742615.png,nba,nba|nba2k26|nba2k24手游|NBA2k2手游,2026-01-21 01:08:52,nba,nba2k26,nba2k24手游,NBA2k2手游
desc_48_1768926752960.png,愤怒男孩佩德罗和,愤怒男孩佩德罗和|愤怒男孩佩德罗和他的朋友们..展开,2026-01-21 01:08:52,愤怒男孩佩德罗和,愤怒男孩佩德罗和他的朋友们..展开,,
desc_49_1768926763630.png,宝可梦传说Z-A,宝可梦传说Z-A|宝可梦传说,2026-01-21 01:08:52,宝可梦传说Z-A,宝可梦传说,,
desc_50_1768926774015.png,中国式相亲,中国式相亲|中国式相亲下载|中国式相亲2,2026-01-21 01:08:52,中国式相亲,中国式相亲下载,中国式相亲2,
desc_51_1768926784316.png,赛雷卡2游戏,赛雷卡2游戏,2026-01-21 01:08:52,赛雷卡2游戏,,,
desc_52_1768926794512.png,地平线5,地平线5|地平线5手游|地平线5手游版,2026-01-21 01:08:52,地平线5,地平线5手游,地平线5手游版,
desc_53_1768926804765.png,顽皮商店经理,顽皮商店经理|顽皮商店经理安,2026-01-21 01:08:52,顽皮商店经理,顽皮商店经理安,,
desc_54_1768926815233.png,速度之星,速度之星|速度之星游戏,2026-01-21 01:08:52,速度之星,速度之星游戏,,
desc_55_1768926825465.png,植物大战僵尸,植物大战僵尸|植物|植物大战僵尸融合版下载|植...展开,2026-01-21 01:08:52,植物大战僵尸,植物,植物大战僵尸融合版下载,植...展开
desc_56_1768926836372.png,limelight,limelight|limelight游戏|limelight下,2026-01-21 01:08:52,limelight,limelight游戏,limelight下,
desc_57_1768926846751.png,洛克王国,洛克王国|洛克王国下载|洛克王国世界,2026-01-21 01:08:52,洛克王国,洛克王国下载,洛克王国世界,
desc_58_1768926857152.png,灵珠大战魔丸,灵珠大战魔丸|灵珠大战魔丸痞|灵珠大战魔丸游戏,2026-01-21 01:08:52,灵珠大战魔丸,灵珠大战魔丸痞,灵珠大战魔丸游戏,
desc_59_1768926867433.png,Grid超级房车赛,Grid超级房车赛|超级房车赛|超级房车赛手游,2026-01-21 01:08:52,Grid超级房车赛,超级房车赛,超级房车赛手游,
desc_60_1768926878011.png,易次元别对我过分着迷,易次元别对我过分着迷|别对|别对我过分着迷下载|别对..展开,2026-01-21 01:08:52,易次元别对我过分着迷,别对,别对我过分着迷下载,别对..展开
desc_61_1768926888403.png,魔法少女小圆,魔法少女小圆|魔法少女小圆下,2026-01-21 01:08:52,魔法少女小圆,魔法少女小圆下,,
desc_62_1768926898923.png,假面骑士巅峰战士,假面骑士巅峰战士|假面骑|假面骑士巅峰乱斗手机版|展开,2026-01-21 01:08:52,假面骑士巅峰战士,假面骑,假面骑士巅峰乱斗手机版,展开
desc_63_1768926909427.png,我的世界枪械,我的世界枪械|我的世界枪|我的世界枪械模组游戏|我...展开,2026-01-21 01:08:52,我的世界枪械,我的世界枪,我的世界枪械模组游戏,我...展开
desc_64_1768926920140.png,束缚基地,束缚基地|束缚基地下载,2026-01-21 01:08:52,束缚基地,束缚基地下载,,
desc_65_1768926930500.png,狼伴侣,狼伴侣wolfmate|狼伴侣下载|狼伴侣|狼伴侣手游,2026-01-21 01:08:52,狼伴侣wolfmate,狼伴侣下载,狼伴侣,狼伴侣手游
desc_66_1768926941232.png,池核,池核|池核下载|池核安装|池核P0ols云,2026-01-21 01:08:52,池核,池核下载,池核安装,池核P0ols云
desc_67_1768926951811.png,飞行模拟器,飞行模拟器|飞行模拟器下载,2026-01-21 01:08:52,飞行模拟器,飞行模拟器下载,,
desc_68_1768926962196.png,猛汉特区,猛汉特区|XXL猛汉町|xxI猛汉,2026-01-21 01:08:52,猛汉特区,XXL猛汉町,xxI猛汉,
desc_69_1768926972804.png,金铲铲之战,金铲铲之战|金铲铲媒体服|金铲铲之战媒体服|金铲铲媒...展开,2026-01-21 01:08:52,金铲铲之战,金铲铲媒体服,金铲铲之战媒体服,金铲铲媒...展开
desc_70_1768926983493.png,调皮的熊熊,调皮的熊熊|调皮的熊熊下载,2026-01-21 01:08:52,调皮的熊熊,调皮的熊熊下载,,
desc_71_1768926993890.png,,,2026-01-21 01:08:52,,,,
desc_72_1768927004430.png,约翰的农场,约翰的农场|约翰的农场游戏,2026-01-21 01:08:52,约翰的农场,约翰的农场游戏,,
desc_73_1768927015032.png,纸房子,纸房子|纸房子游戏|纸房子下载|纸房,2026-01-21 01:08:52,纸房子,纸房子游戏,纸房子下载,纸房
desc_74_1768927025470.png,大鸟妙妙屋,大鸟妙妙屋|大鸟妙妙屋游戏|大鸟妙妙屋下载,2026-01-21 01:08:52,大鸟妙妙屋,大鸟妙妙屋游戏,大鸟妙妙屋下载,
desc_75_1768927035962.png,guessthekity,guessthekity怎么下载|guessthek...展开,2026-01-21 01:08:52,guessthekity怎么下载,guessthek...展开,,
desc_76_1768927046367.png,我的世界,我的世界老版本|我的世界老,2026-01-21 01:08:52,我的世界老版本,我的世界老,,
desc_77_1768927056941.png,野兽节拍,野兽节拍安装|野兽节拍手游,2026-01-21 01:08:52,野兽节拍安装,野兽节拍手游,,
desc_78_1768927067491.png,圣骑士莉卡物语,圣骑士莉卡物语|圣骑士莉卡,2026-01-21 01:08:52,圣骑士莉卡物语,圣骑士莉卡,,
desc_79_1768927078007.png,kemopop,kemopop|kemopop下载,2026-01-21 01:08:52,kemopop,kemopop下载,,
desc_80_1768927089114.png,约翰的农场,约翰的农场|约翰的农场游戏,2026-01-21 01:08:52,约翰的农场,约翰的农场游戏,,
desc_81_1768927099591.png,芭比梦幻屋,芭比梦幻屋|芭比梦幻屋历冒险游|芭比梦幻屋游戏|芭比梦幻屋历冒险游戏,2026-01-21 01:08:52,芭比梦幻屋,芭比梦幻屋历冒险游,芭比梦幻屋游戏,芭比梦幻屋历冒险游戏
desc_82_1768927110800.png,兽化实验室,兽化实验室|兽化实验室游戏|兽化实验室普罗,2026-01-21 01:08:52,兽化实验室,兽化实验室游戏,兽化实验室普罗,
desc_83_1768927121097.png,GalGame,GalGame|galgame红楼梦|红楼梦galgame下载,2026-01-21 01:08:52,GalGame,galgame红楼梦,红楼梦galgame下载,
desc_84_1768927131572.png,超级机器人大战y,超级机器人大战y|超级机器|超级机器人大战og|超级机器人...展开,2026-01-21 01:08:52,超级机器人大战y,超级机器,超级机器人大战og,超级机器人...展开
desc_85_1768927142341.png,空洞骑士丝之歌,空洞骑士丝之歌|空洞骑士|空洞骑士丝之歌游戏,2026-01-21 01:08:52,空洞骑士丝之歌,空洞骑士,空洞骑士丝之歌游戏,
desc_86_1768927153247.png,汤姆猫病毒版,汤姆猫病毒|汤姆猫病毒版下载|myhorror汤姆猫病毒|汤姆猫病毒版,2026-01-21 01:08:52,汤姆猫病毒,汤姆猫病毒版下载,myhorror汤姆猫病毒,汤姆猫病毒版
desc_87_1768927164430.png,向左一点,向左一点游戏|向左一点下载|向左|向左一点怎么下载,2026-01-21 01:08:52,向左一点游戏,向左一点下载,向左,向左一点怎么下载
desc_88_1768927174853.png,挤在一起的狗狗,挤在一起的狗狗|挤在一起的|挤在一起的狗狗安装|挤在一…展开,2026-01-21 01:08:52,挤在一起的狗狗,挤在一起的,挤在一起的狗狗安装,挤在一…展开
desc_89_1768927185185.png,NBA,NBA|nba2k23手游|NBA2K20|NBA2K26安卓手游安卓手游,2026-01-21 01:08:52,NBA,nba2k23手游,NBA2K20,NBA2K26安卓手游安卓手游
desc_90_1768927196096.png,毁灭护士,毁了的护士|毁灭护士|毁灭护士下载,2026-01-21 01:08:52,毁了的护士,毁灭护士,毁灭护士下载,
desc_91_1768927206777.png,JOJO吃鸡,JOJO吃鸡|JOJO吃鸡手机版|jojo|jojo吃鸡怎么下载,2026-01-21 01:08:52,JOJO吃鸡,JOJO吃鸡手机版,jojo,jojo吃鸡怎么下载
desc_92_1768927217392.png,,,2026-01-21 01:08:52,,,,
desc_93_1768927228289.png,蛋仔高中部,蛋仔高中部|蛋仔高中部游戏|蛋仔高中部结局,2026-01-21 01:08:52,蛋仔高中部,蛋仔高中部游戏,蛋仔高中部结局,
desc_94_1768927238652.png,驾考模拟,驾考模拟|驾考模拟3d|驾考模|驾考模拟3D下载,2026-01-21 01:08:52,驾考模拟,驾考模拟3d,驾考模,驾考模拟3D下载
desc_95_1768927249037.png,龙岛异兽起源,龙岛异兽起源|龙岛异兽起源下载|龙岛异兽游戏,2026-01-21 01:08:52,龙岛异兽起源,龙岛异兽起源下载,龙岛异兽游戏,
desc_96_1768927259731.png,乐高幻影忍者系列,乐高幻影忍者系列|乐高幻影忍,2026-01-21 01:08:52,乐高幻影忍者系列,乐高幻影忍,,
desc_97_1768927270493.png,打骨折超市日记,打骨折超市日记|打骨折超市,2026-01-21 01:08:52,打骨折超市日记,打骨折超市,,
desc_98_1768927281164.png,wh4t1w0uldntd0,wh4t1w0uldntd0|Wh4t1w汉|wh4t1w0uldntd0下载|wh4t1w汉...展开,2026-01-21 01:08:52,wh4t1w0uldntd0,Wh4t1w汉,wh4t1w0uldntd0下载,wh4t1w汉...展开
desc_99_1768927292318.png,校园摸金,校园摸金|校园摸金下载|校园摸金游戏,2026-01-21 01:08:52,校园摸金,校园摸金下载,校园摸金游戏,
desc_100_1768927303354.png,车祸模拟器,车祸模拟器|车祸模拟器2|车祸模|车祸模拟器怎么下载,2026-01-21 01:08:52,车祸模拟器,车祸模拟器2,车祸模,车祸模拟器怎么下载
desc_101_1768927313957.png,街鹰警灯,街鹰警灯|街鹰警灯游戏|街鹰警灯怎么下载,2026-01-21 01:08:52,街鹰警灯,街鹰警灯游戏,街鹰警灯怎么下载,
desc_102_1768927324404.png,孕育的摇篮之卵,孕育的摇篮之卵|孕育的摇篮|孕育的摇篮之卵怎么下载|...展开,2026-01-21 01:08:52,孕育的摇篮之卵,孕育的摇篮,孕育的摇篮之卵怎么下载,...展开
desc_103_1768927334869.png,我的世界故事模式第一季,我的世界故事模式第一季|我的世界故事模式2|.展开,2026-01-21 01:08:52,我的世界故事模式第一季,我的世界故事模式2,.展开,
desc_104_1768927345562.png,罗布乐思,罗布乐思|roblox|罗布乐思游戏,2026-01-21 01:08:52,罗布乐思,roblox,罗布乐思游戏,
desc_105_1768927355938.png,放屁女王模拟器,放屁女王模拟器|放屁女王模,2026-01-21 01:08:52,放屁女王模拟器,放屁女王模,,
desc_106_1768927366239.png,plancoach,plancoach|plancoach下,2026-01-21 01:08:52,plancoach,plancoach下,,
desc_107_1768927376810.png,夏音公寓,夏音公寓|夏音|夏音公寓游戏,2026-01-21 01:08:52,夏音公寓,夏音,夏音公寓游戏,
desc_108_1768927387350.png,盖瑞模组,盖瑞模组下载|盖瑞模组安装|地铁跑酷全明星模组,2026-01-21 01:08:52,盖瑞模组下载,盖瑞模组安装,地铁跑酷全明星模组,
desc_109_1768927397863.png,SevenNexus,SevenNexus|SevenNexus下载|sevennexus,2026-01-21 01:08:52,SevenNexus,SevenNexus下载,sevennexus,
desc_110_1768927408919.png,bloodmoney,Bloodmoney|bloodmoney游戏|bloodmoney下载|bloodmoney怎么下载,2026-01-21 01:08:52,Bloodmoney,bloodmoney游戏,bloodmoney下载,bloodmoney怎么下载
desc_111_1768927419582.png,放屁女王模拟器,放屁女王模拟器|放屁模拟器,2026-01-21 01:08:52,放屁女王模拟器,放屁模拟器,,
desc_112_1768927429967.png,光遇测试服,光遇测试服|光遇测试服新物品,2026-01-21 01:08:52,光遇测试服,光遇测试服新物品,,
desc_113_1768927440438.png,尤雅时光,尤雅时光|尤雅时光下载|尤雅世界,2026-01-21 01:08:52,尤雅时光,尤雅时光下载,尤雅世界,
desc_114_1768927450867.png,尖叫才能奔跑,尖叫才能奔跑|尖叫才能奔跑怎么下载.展开,2026-01-21 01:08:52,尖叫才能奔跑,尖叫才能奔跑怎么下载.展开,,
desc_115_1768927461206.png,石油大亨,石油大亨|石油大亨下载|石油大亨怎么下载,2026-01-21 01:08:52,石油大亨,石油大亨下载,石油大亨怎么下载,
desc_116_1768927471777.png,尖叫才能奔跑,尖叫才能奔跑|尖叫才能奔跑怎么下载.展开,2026-01-21 01:08:52,尖叫才能奔跑,尖叫才能奔跑怎么下载.展开,,
desc_117_1768927482303.png,我的世界枪械模组,我的世界枪械模组|我的世|我的世界枪械模组下载...展开,2026-01-21 01:08:52,我的世界枪械模组,我的世,我的世界枪械模组下载...展开,
desc_118_1768927493087.png,gta5手游,gta5手游|gta5手|侠盗飞车gta5,2026-01-21 01:08:52,gta5手游,gta5手,侠盗飞车gta5,
desc_119_1768927503829.png,我的世界烦人的村民,我的世界烦人的村民|我的世界烦人的..展开,2026-01-21 01:08:52,我的世界烦人的村民,我的世界烦人的..展开,,
desc_120_1768927514483.png,网吧模拟器,网吧模拟器|网吧模拟器2|网吧模|网吧模拟器下载,2026-01-21 01:08:52,网吧模拟器,网吧模拟器2,网吧模,网吧模拟器下载
desc_121_1768927525033.png,模拟人生4,模拟人生4|模拟人生4下载|模拟|模拟人生4游戏,2026-01-21 01:08:52,模拟人生4,模拟人生4下载,模拟,模拟人生4游戏
desc_122_1768927535597.png,奥特曼游戏,奥特曼游戏|奥特曼游戏系列|奥特曼传奇英雄下载,2026-01-21 01:08:52,奥特曼游戏,奥特曼游戏系列,奥特曼传奇英雄下载,
desc_123_1768927546156.png,火影忍者女忍者训练师,火影忍者女忍者训练师|火影忍者女忍训练师下.展开,2026-01-21 01:08:52,火影忍者女忍者训练师,火影忍者女忍训练师下.展开,,
desc_124_1768927556531.png,,,2026-01-21 01:08:52,,,,
desc_125_1768927566929.png,捣蛋大脚怪,捣蛋大脚怪|捣蛋大脚怪游戏,2026-01-21 01:08:52,捣蛋大脚怪,捣蛋大脚怪游戏,,
desc_126_1768927577332.png,枪战先知,枪战先知|枪战先知下载|枪战先知手机版怎么下载,2026-01-21 01:08:52,枪战先知,枪战先知下载,枪战先知手机版怎么下载,
desc_127_1768927587744.png,我的世界枪械,我的世界枪械|我的世界枪|我的世界枪械模组游戏|我.展开,2026-01-21 01:08:52,我的世界枪械,我的世界枪,我的世界枪械模组游戏,我.展开
desc_128_1768927598354.png,无畏契约手游,无畏契约手游|无畏契约下载|无畏,2026-01-21 01:08:52,无畏契约手游,无畏契约下载,无畏,
desc_129_1768927609039.png,宝可梦伽马绿宝石,宝可梦伽马绿宝石|宝可梦伽马,2026-01-21 01:08:52,宝可梦伽马绿宝石,宝可梦伽马,,
desc_130_1768927619504.png,托卡世界,托卡世界|托卡世界更新了|托卡世界游|托卡世界下载,2026-01-21 01:08:52,托卡世界,托卡世界更新了,托卡世界游,托卡世界下载
desc_131_1768927630115.png,极速变色龙,极速变色龙|极速变色龙怎么下载|极速变色龙跑酷,2026-01-21 01:08:52,极速变色龙,极速变色龙怎么下载,极速变色龙跑酷,
desc_132_1768927640787.png,异环手游,异环|异环手游下载|异环手游|异环首测,2026-01-21 01:08:52,异环,异环手游下载,异环手游,异环首测
desc_133_1768927651578.png,我的世界光影模组,我的世界光影模组|我的世界光|我的世界光影模组安装|我..展开,2026-01-21 01:08:52,我的世界光影模组,我的世界光,我的世界光影模组安装,我..展开
desc_134_1768927662239.png,怪胎马戏团,怪胎马戏团|怪胎马戏团游戏|怪胎马|怪胎马戏团下载,2026-01-21 01:08:52,怪胎马戏团,怪胎马戏团游戏,怪胎马,怪胎马戏团下载
desc_135_1768927672715.png,警察模拟器,警察模拟器|警察模拟器下载|警察模|巡逻警察模拟器,2026-01-21 01:08:52,警察模拟器,警察模拟器下载,警察模,巡逻警察模拟器
desc_136_1768927683381.png,骑马与砍杀,骑马与砍杀|骑马与砍杀2|骑马与砍|骑马与砍杀手游,2026-01-21 01:08:52,骑马与砍杀,骑马与砍杀2,骑马与砍,骑马与砍杀手游
desc_137_1768927693965.png,我的世界生存战争,我的世界生存战争|我的世界生|我的世界生存战争怎么下..展开,2026-01-21 01:08:52,我的世界生存战争,我的世界生,我的世界生存战争怎么下..展开,
desc_138_1768927704357.png,小小欧吉桑,小小欧吉桑下载|小小欧吉桑在哪里下|培育小小欧吉桑,2026-01-21 01:08:52,小小欧吉桑下载,小小欧吉桑在哪里下,培育小小欧吉桑,
desc_139_1768927714695.png,jojo群星之战,jojo群星之战|jojo的奇妙冒险|JOO|jojo群星之战重制版,2026-01-21 01:08:52,jojo群星之战,jojo的奇妙冒险,JOO,jojo群星之战重制版
desc_140_1768927725423.png,蜡笔小新,蜡笔小新|蜡笔小新游戏蜡笔|蜡笔小新游戏推荐,2026-01-21 01:08:52,蜡笔小新,蜡笔小新游戏蜡笔,蜡笔小新游戏推荐,
desc_141_1768927735812.png,实况足球,实况足球|实况足球online|实况足,2026-01-21 01:08:52,实况足球,实况足球online,实况足,
desc_142_1768927746532.png,死盘子,死盘子|死盘子下载|死盘子安装|死盘子下,2026-01-21 01:08:52,死盘子,死盘子下载,死盘子安装,死盘子下
desc_143_1768927756924.png,糖葫芦达人,糖葫芦达人|糖葫芦达人游戏|糖葫芦,2026-01-21 01:08:52,糖葫芦达人,糖葫芦达人游戏,糖葫芦,
desc_144_1768927767275.png,,,2026-01-21 01:08:52,,,,
desc_145_1768927777562.png,三角洲体验服,三角洲体验服|三角洲行动体验|三角洲体验服怎么下载|三角洲...展开,2026-01-21 01:08:52,三角洲体验服,三角洲行动体验,三角洲体验服怎么下载,三角洲...展开
desc_146_1768927788074.png,缺氧,缺氧|缺氧手机版|缺氧下载|缺氧游戏,2026-01-21 01:08:52,缺氧,缺氧手机版,缺氧下载,缺氧游戏
desc_147_1768927798363.png,纪念碑谷,纪念碑谷|纪念碑谷1|纪念碑谷2|纪念碑,2026-01-21 01:08:52,纪念碑谷,纪念碑谷1,纪念碑谷2,纪念碑
desc_148_1768927809068.png,我的世界jojo模组,我的世界jojo模组|我的世界|我的世界国际服JOJO模..展开,2026-01-21 01:08:52,我的世界jojo模组,我的世界,我的世界国际服JOJO模..展开,
desc_149_1768927819587.png,死神vs火影,死神vs火影|死神VS火影jojo版|死神vs火影JOJ...展开,2026-01-21 01:08:52,死神vs火影,死神VS火影jojo版,死神vs火影JOJ...展开,
desc_150_1768927830184.png,无限暖暖,无限暖暖|无限暖暖下载|无限暖暖手游,2026-01-21 01:08:52,无限暖暖,无限暖暖下载,无限暖暖手游,
desc_151_1768927841170.png,喵斯快跑,喵斯快跑|喵斯快跑下载|喵斯快跑联动,2026-01-21 01:08:52,喵斯快跑,喵斯快跑下载,喵斯快跑联动,
desc_152_1768927851529.png,猛兽派对,猛兽派对|猛兽派对下载|动物派对|猛兽,2026-01-21 01:08:52,猛兽派对,猛兽派对下载,动物派对,猛兽
desc_153_1768927862106.png,巴士模拟,巴士模拟2|巴士模拟|巴士模拟21手游|巴士模拟手机版,2026-01-21 01:08:52,巴士模拟2,巴士模拟,巴士模拟21手游,巴士模拟手机版
desc_154_1768927873255.png,XXL猛汉特区,XXL猛汉特区怎么下载,2026-01-21 01:08:52,XXL猛汉特区怎么下载,,,
desc_155_1768927883895.png,假面骑士,假面骑士|假面骑士游戏|假面|初代假面骑士游戏,2026-01-21 01:08:52,假面骑士,假面骑士游戏,假面,初代假面骑士游戏
desc_156_1768927894473.png,恐龙岛,恐龙岛|恐龙岛吞噬进化游戏|恐龙岛生存进化,2026-01-21 01:08:52,恐龙岛,恐龙岛吞噬进化游戏,恐龙岛生存进化,
desc_157_1768927905037.png,方舟生存进化,方舟生存进化|方舟生存进化手机|方舟生存进化下载|方舟生存进化电脑版,2026-01-21 01:08:52,方舟生存进化,方舟生存进化手机,方舟生存进化下载,方舟生存进化电脑版
desc_158_1768927915583.png,饥荒联机版,饥荒联机版|饥荒联机版下载|饥荒联,2026-01-21 01:08:52,饥荒联机版,饥荒联机版下载,饥荒联,
desc_159_1768927925932.png,王者荣耀体验服,王者荣耀体验服|王者荣耀体验服安装|王者荣耀体...展开,2026-01-21 01:08:52,王者荣耀体验服,王者荣耀体验服安装,王者荣耀体...展开,
desc_160_1768927936496.png,小人与小船,小人与小船|小人与小船下载|小人与|小人与小船游戏,2026-01-21 01:08:52,小人与小船,小人与小船下载,小人与,小人与小船游戏
desc_161_1768927947103.png,植物大战僵尸,植物大战僵尸|植物大,2026-01-21 01:08:52,植物大战僵尸,植物大,,
desc_162_1768927957924.png,一步一脚印,一步一脚印|一步一脚印下载,2026-01-21 01:08:52,一步一脚印,一步一脚印下载,,
desc_163_1768927968278.png,异人之下手游,异人之下手游|异人之下安装|异人,2026-01-21 01:08:52,异人之下手游,异人之下安装,异人,
desc_164_1768927979206.png,switch游戏,switch游戏|switch手机秒|switch手机模拟器|switch手机...展开,2026-01-21 01:08:52,switch游戏,switch手机秒,switch手机模拟器,switch手机...展开
desc_165_1768927989728.png,医院诱惑游戏,医院诱惑游戏,2026-01-21 01:08:52,医院诱惑游戏,,,
desc_166_1768928000099.png,我的世界枪械,我的世界枪械|我的世界枪|我的世界枪械模组游戏|我...展开,2026-01-21 01:08:52,我的世界枪械,我的世界枪,我的世界枪械模组游戏,我...展开
desc_167_1768928010954.png,,,2026-01-21 01:08:52,,,,
desc_168_1768928021110.png,西奥小镇城市,西奥小镇城市,2026-01-21 01:08:52,西奥小镇城市,,,
desc_169_1768928032191.png,斗虫公园,斗虫公园手机版|斗虫公园如何下载|斗虫公园安装,2026-01-21 01:08:52,斗虫公园手机版,斗虫公园如何下载,斗虫公园安装,
desc_170_1768928042821.png,火影忍者究极风暴,火影忍者究极风暴|火影忍|火影忍者究极风暴4下载|.展开,2026-01-21 01:08:52,火影忍者究极风暴,火影忍,火影忍者究极风暴4下载,.展开
desc_171_1768928053393.png,假面骑士巅峰乱斗,假面骑士巅峰乱斗|假面骑|假面骑士帝骑|假面骑士游戏,2026-01-21 01:08:52,假面骑士巅峰乱斗,假面骑,假面骑士帝骑,假面骑士游戏
desc_172_1768928064342.png,我的世界国际服,我的世界国际服|我的世界手,2026-01-21 01:08:52,我的世界国际服,我的世界手,,
desc_173_1768928074697.png,nba2k手游,nba2k手游|NBA2k系列手游|nba2k23手游|NBA,2026-01-21 01:08:52,nba2k手游,NBA2k系列手游,nba2k23手游,NBA
desc_174_1768928085137.png,马里奥游戏,马里奥游戏|超级马里奥游戏|马里奥赛车8,2026-01-21 01:08:52,马里奥游戏,超级马里奥游戏,马里奥赛车8,
desc_175_1768928095627.png,迷你世界,迷你世界老版本|迷你世界老版|迷你世界版本更新|迷你世界老...展开,2026-01-21 01:08:52,迷你世界老版本,迷你世界老版,迷你世界版本更新,迷你世界老...展开
desc_176_1768928106289.png,飞行模拟器,飞行模拟器|飞机飞行模拟器下载|RFS真实飞行模拟器,2026-01-21 01:08:52,飞行模拟器,飞机飞行模拟器下载,RFS真实飞行模拟器,
desc_177_1768928116804.png,假面骑士,假面骑士|假面骑士腰带模拟器|假面骑士游戏手机版超巅峰英雄|Muge.展开,2026-01-21 01:08:52,假面骑士,假面骑士腰带模拟器,假面骑士游戏手机版超巅峰英雄,Muge.展开
desc_178_1768928127681.png,switch手机,switch手机|switch游戏|手机玩switch游戏,2026-01-21 01:08:52,switch手机,switch游戏,手机玩switch游戏,
desc_179_1768928138414.png,假面骑士,假面骑士|假面骑士腰带模|假面骑士游戏手机版超巅峰英雄|...展开,2026-01-21 01:08:52,假面骑士,假面骑士腰带模,假面骑士游戏手机版超巅峰英雄,...展开
desc_180_1768928148855.png,火柴人战争模拟器,火柴人战争模拟器|火柴人战争|火柴人战争遗产3|火柴人游戏,2026-01-21 01:08:52,火柴人战争模拟器,火柴人战争,火柴人战争遗产3,火柴人游戏
desc_181_1768928159305.png,集合啦动物森友会,集合啦动物森友会|动物|动物森友会手机版|动物森友会...展开,2026-01-21 01:08:52,集合啦动物森友会,动物,动物森友会手机版,动物森友会...展开
desc_182_1768928169740.png,海上餐厅,海上餐厅|刮鱼鳞模拟器|海上餐厅刮鱼鳞模拟器,2026-01-21 01:08:52,海上餐厅,刮鱼鳞模拟器,海上餐厅刮鱼鳞模拟器,
desc_183_1768928180198.png,沙雕模拟器,沙雕模拟器|沙雕模拟器2|沙雕模拟,2026-01-21 01:08:52,沙雕模拟器,沙雕模拟器2,沙雕模拟,
desc_184_1768928191021.png,我是猫,我是猫|我是猫下载,2026-01-21 01:08:52,我是猫,我是猫下载,,
desc_185_1768928201653.png,假面骑士,假面骑士|假面骑士超巅峰|假面骑士游戏|假面骑士超巅峰英雄手游,2026-01-21 01:08:52,假面骑士,假面骑士超巅峰,假面骑士游戏,假面骑士超巅峰英雄手游
desc_186_1768928212165.png,奥特曼宇宙英雄,奥特曼宇宙英雄|下载奥特曼宇|奥特曼宇宙英雄下载|奥特曼宇..展开,2026-01-21 01:08:52,奥特曼宇宙英雄,下载奥特曼宇,奥特曼宇宙英雄下载,奥特曼宇..展开
desc_187_1768928222891.png,jojo群星之战,jojo群星之战|JOJO的奇妙冒险|jojo群星之战重制版jojo群星..展开,2026-01-21 01:08:52,jojo群星之战,JOJO的奇妙冒险,jojo群星之战重制版jojo群星..展开,
desc_188_1768928233973.png,假面骑士,假面骑士|假面骑士游戏|假面骑士游戏手机版.展开,2026-01-21 01:08:52,假面骑士,假面骑士游戏,假面骑士游戏手机版.展开,
desc_189_1768928244590.png,咒语旅团,咒语旅团|咒语旅团手机版,2026-01-21 01:08:52,咒语旅团,咒语旅团手机版,,
desc_190_1768928255325.png,假面骑士巅峰乱斗,假面骑士巅峰乱斗|假面骑士|假面骑士巅峰乱斗手机.展开,2026-01-21 01:08:52,假面骑士巅峰乱斗,假面骑士,假面骑士巅峰乱斗手机.展开,
desc_191_1768928265753.png,像素火影,像素火影下载|像素火影安装|游戏名|像素火影更新,2026-01-21 01:08:52,像素火影下载,像素火影安装,游戏名,像素火影更新
desc_192_1768928276234.png,宝可梦伽玛绿宝石怎...展开,宝可梦伽玛绿宝石怎...展开,2026-01-21 01:08:52,宝可梦伽玛绿宝石怎...展开,,,
desc_193_1768928286971.png,宝可梦朱紫,宝可梦朱紫|宝可梦朱紫下载|宝可,2026-01-21 01:08:52,宝可梦朱紫,宝可梦朱紫下载,宝可,
desc_194_1768928297417.png,边境丧尸检察官,边境丧尸检察官|丧尸边境检查|边境检察官游戏|丧尸边境检查官游...展开,2026-01-21 01:08:52,边境丧尸检察官,丧尸边境检查,边境检察官游戏,丧尸边境检查官游...展开
desc_195_1768928307863.png,胡闹厨房,胡闹厨房|胡闹厨房2|胡闹厨房手机|胡闹厨房怎么下载,2026-01-21 01:08:52,胡闹厨房,胡闹厨房2,胡闹厨房手机,胡闹厨房怎么下载
desc_196_1768928318569.png,魔法少女小圆,魔法少女小圆|魔法少女小圆手游下,2026-01-21 01:08:52,魔法少女小圆,魔法少女小圆手游下,,
desc_197_1768928329095.png,安娜的怪物农场,安娜的怪物农场手机版|安娜的怪|安娜的怪物农场手机版怎么.展开,2026-01-21 01:08:52,安娜的怪物农场手机版,安娜的怪,安娜的怪物农场手机版怎么.展开,
desc_198_1768928339787.png,苏丹的游戏,苏丹的游戏|苏丹的游戏手机版|苏丹,2026-01-21 01:08:52,苏丹的游戏,苏丹的游戏手机版,苏丹,
desc_199_1768928350275.png,我的世界珍妮模组,我的世界珍妮模组|我的世界珍,2026-01-21 01:08:52,我的世界珍妮模组,我的世界珍,,
desc_200_1768928360624.png,ticklinglris,ticklinglris手机版|ticklinglris|挠痒痒游戏,2026-01-21 01:08:52,ticklinglris手机版,ticklinglris,挠痒痒游戏,
desc_201_1768928370984.png,PUBG手游,PUBG手游,2026-01-21 01:08:52,PUBG手游,,,
desc_202_1768928381623.png,动物派对,动物派对|动物派对新手教|猛派对服上线,2026-01-21 01:08:52,动物派对,动物派对新手教,猛派对服上线,
desc_203_1768928392164.png,campbuddy,campbuddy|campbuddy教官线|campbuddy学员篇|campbuddy汉化,2026-01-21 01:08:52,campbuddy,campbuddy教官线,campbuddy学员篇,campbuddy汉化
desc_204_1768928402833.png,宝可梦剑盾,宝可梦剑盾|宝可梦剑盾手机版|宝可|宝可梦剑盾安装,2026-01-21 01:08:52,宝可梦剑盾,宝可梦剑盾手机版,宝可,宝可梦剑盾安装
desc_205_1768928413209.png,植物大战僵尸,植物大战僵尸|植物大战僵尸3|植物大战僵尸3国际版,2026-01-21 01:08:52,植物大战僵尸,植物大战僵尸3,植物大战僵尸3国际版,
desc_206_1768928423755.png,节奏盒子Sprunki,节奏盒子Sprunki|sprunki节奏|节奏盒子游戏|节奏盒子,2026-01-21 01:08:52,节奏盒子Sprunki,sprunki节奏,节奏盒子游戏,节奏盒子
desc_207_1768928434278.png,火影忍者体验服,火影忍者体验服|火影忍者体,2026-01-21 01:08:52,火影忍者体验服,火影忍者体,,
desc_208_1768928444697.png,植物大战僵尸,植物大战僵尸|植物大战僵尸3|植物展开,2026-01-21 01:08:52,植物大战僵尸,植物大战僵尸3,植物展开,
desc_209_1768928455240.png,塞尔达传说,塞尔达传说|塞尔达传说王国,2026-01-21 01:08:52,塞尔达传说,塞尔达传说王国,,
desc_210_1768928465745.png,饥荒联机,饥荒联机|饥荒联机版|饥荒联机版下,2026-01-21 01:08:52,饥荒联机,饥荒联机版,饥荒联机版下,
desc_211_1768928476134.png,,,2026-01-21 01:08:52,,,,
desc_212_1768928486376.png,我的世界国际服,我的世界国际服|我的世界手机版,2026-01-21 01:08:52,我的世界国际服,我的世界手机版,,
desc_213_1768928497065.png,苏丹的游戏,苏丹的游戏|苏丹的游戏下载|苏丹的|苏丹的游戏手游,2026-01-21 01:08:52,苏丹的游戏,苏丹的游戏下载,苏丹的,苏丹的游戏手游
desc_214_1768928507881.png,都市天际线,都市天际线|都市天际线下载|都市天|都市天际线mod,2026-01-21 01:08:52,都市天际线,都市天际线下载,都市天,都市天际线mod
desc_215_1768928518518.png,植物大战僵尸,植物大战僵尸|植物大战僵尸杂交版下载|植物...展开,2026-01-21 01:08:52,植物大战僵尸,植物大战僵尸杂交版下载,植物...展开,
desc_216_1768928528975.png,茶杯头,茶杯头|茶杯头下载|茶杯头安装|茶杯头下,2026-01-21 01:08:52,茶杯头,茶杯头下载,茶杯头安装,茶杯头下
desc_217_1768928539484.png,暴吵萌厨,暴吵萌厨|暴吵萌厨预约,2026-01-21 01:08:52,暴吵萌厨,暴吵萌厨预约,,
desc_218_1768928549752.png,木筏求生,木筏求生|木筏求生下载|木筏求生安装,2026-01-21 01:08:52,木筏求生,木筏求生下载,木筏求生安装,
desc_219_1768928560718.png,火柴人战争,火柴人战争|火柴人战争遗产|火柴人战争2,2026-01-21 01:08:52,火柴人战争,火柴人战争遗产,火柴人战争2,
desc_220_1768928571368.png,火车模拟器,火车模拟器|火车模拟器怎么下载|火车模拟器下载,2026-01-21 01:08:52,火车模拟器,火车模拟器怎么下载,火车模拟器下载,
desc_221_1768928581920.png,NBA2K25,NBA2K25|NBA2K25手游|nba2k23手游|NBA,2026-01-21 01:08:52,NBA2K25,NBA2K25手游,nba2k23手游,NBA
desc_222_1768928592510.png,米加小镇世界,米加小镇世界|米加小镇|米加小镇日常|米加小镇卡点变装,2026-01-21 01:08:52,米加小镇世界,米加小镇,米加小镇日常,米加小镇卡点变装
desc_223_1768928602924.png,switch模拟器,switch模拟器|switch游戏|switch游戏推荐|Switch游戏安装,2026-01-21 01:08:52,switch模拟器,switch游戏,switch游戏推荐,Switch游戏安装
desc_224_1768928613248.png,神力科莎,神力科莎|神力科莎mod|神力科莎手机版下载,2026-01-21 01:08:52,神力科莎,神力科莎mod,神力科莎手机版下载,
desc_225_1768928623767.png,无畏契约,无畏契约|无畏契约下载|无畏契约怎么下载,2026-01-21 01:08:52,无畏契约,无畏契约下载,无畏契约怎么下载,
desc_226_1768928634495.png,托卡世界,托卡世界|托卡世界安装|托卡世界怎么下载,2026-01-21 01:08:52,托卡世界,托卡世界安装,托卡世界怎么下载,
desc_227_1768928645222.png,三千幻世,三千幻世下载,2026-01-21 01:08:52,三千幻世下载,,,
desc_228_1768928656026.png,蜡笔小新之小帮手大作战,蜡笔小新之小帮手大作战|蜡笔小新之小帮手大作战手游|蜡笔小..展开,2026-01-21 01:08:52,蜡笔小新之小帮手大作战,蜡笔小新之小帮手大作战手游,蜡笔小..展开,
desc_229_1768928666426.png,cards,cards|cards手机版|CARDS|cards下载,2026-01-21 01:08:52,cards,cards手机版,CARDS,cards下载
desc_230_1768928677142.png,和平精英,和平精英|和平精英体验服|和平|和平精英下载安装,2026-01-21 01:08:52,和平精英,和平精英体验服,和平,和平精英下载安装
desc_231_1768928687737.png,初音未来,初音未来|初音未来下载|初音|Mikuture初音未来,2026-01-21 01:08:52,初音未来,初音未来下载,初音,Mikuture初音未来
desc_232_1768928698221.png,洛克王国,洛克王国|洛克王国安装|洛克王国下载,2026-01-21 01:08:52,洛克王国,洛克王国安装,洛克王国下载,
desc_233_1768928709132.png,崩溃大陆2,崩溃大陆2|崩溃大陆|崩溃大陆手游,2026-01-21 01:08:52,崩溃大陆2,崩溃大陆,崩溃大陆手游,
desc_234_1768928719861.png,从军手游,从军手游|二战模拟器从军手游版|从军|从军游戏,2026-01-21 01:08:52,从军手游,二战模拟器从军手游版,从军,从军游戏
desc_235_1768928730307.png,超自然行动组,超自然行动组|代号超自然行动组|游戏推荐超自然行动组|超自然行动组下载,2026-01-21 01:08:52,超自然行动组,代号超自然行动组,游戏推荐超自然行动组,超自然行动组下载
desc_236_1768928740874.png,安迪与莉莉的棺材,安迪与莉莉的棺材|安迪与莉莉|安迪与莉莉的棺材下载|安迪.展开,2026-01-21 01:08:52,安迪与莉莉的棺材,安迪与莉莉,安迪与莉莉的棺材下载,安迪.展开
desc_237_1768928751273.png,方舟生存进化,方舟生存进化|方舟生存进化手游,2026-01-21 01:08:52,方舟生存进化,方舟生存进化手游,,
desc_238_1768928761906.png,健身模拟器,健身模拟器|健身房模拟器怎么下载,2026-01-21 01:08:52,健身模拟器,健身房模拟器怎么下载,,
desc_239_1768928772418.png,王者荣耀,王者荣耀|王者荣耀自定义名|王者荣耀自定义背景|王者荣耀自定...展开,2026-01-21 01:08:52,王者荣耀,王者荣耀自定义名,王者荣耀自定义背景,王者荣耀自定...展开
desc_240_1768928783140.png,米加小镇,米加小镇|米加小镇日常|米加小镇安装,2026-01-21 01:08:52,米加小镇,米加小镇日常,米加小镇安装,
desc_241_1768928793611.png,泰拉瑞亚,泰拉瑞亚|泰拉瑞亚手游|泰拉瑞亚boss|泰拉瑞亚安装,2026-01-21 01:08:52,泰拉瑞亚,泰拉瑞亚手游,泰拉瑞亚boss,泰拉瑞亚安装
desc_242_1768928804122.png,星露谷物语,星露谷物语|星露谷物语安装,2026-01-21 01:08:52,星露谷物语,星露谷物语安装,,
desc_243_1768928814680.png,星露谷物语,星露谷物语|星露谷物语安装,2026-01-21 01:08:52,星露谷物语,星露谷物语安装,,
desc_244_1768928825214.png,星露谷物语,星露谷物语|星露谷物语安装,2026-01-21 01:08:52,星露谷物语,星露谷物语安装,,
